,id,first_name,last_name,email,age,gender,country,liked,saved
0,0,Trinity,Hinton,Trinity.Hinton@pmail.com,49,F,'Israel',"[398, 388, 106, 279, 413, 85, 512, 139, 300, 537, 458]","[464, 346]"
1,1,Dorian,Foster,Dorian.Foster@pmail.com,20,M,'Ukraine',"[567, 526, 46, 48, 227, 235, 514, 423]",[290]
2,2,Arfin,Moody,Arfin.Moody@pmail.com,36,M,'United Kingdom',"[350, 258, 133, 236, 102, 555, 543, 534, 438, 74, 187, 467]","[290, 215, 330, 391, 500]"
3,3,Adam,Adams,Adam.Adams@pmail.com,20,M,'Turkey',"[285, 226, 149, 188, 236, 282, 138, 57, 264, 509, 531]","[30, 55, 529, 1]"
4,4,Dustin,Simon,Dustin.Simon@pmail.com,62,M,'Italy',"[32, 72, 549, 143, 85, 322, 227, 523, 402, 382, 212, 45, 449, 521, 211]",[]
5,5,Alysha,Cantrell,Alysha.Cantrell@pmail.com,20,F,'Cyprus',"[563, 219, 72, 326, 336, 139, 12, 432, 372, 471, 170, 529, 499, 331, 418, 462, 497, 186, 495, 259, 349, 135, 126, 203]","[180, 479, 420, 312, 424]"
6,6,Aryankhan,Burnett,Aryankhan.Burnett@pmail.com,27,M,'Switzerland',"[224, 82, 270, 529, 470, 464, 529, 272, 109, 291, 432, 562]","[549, 266, 269, 433, 327, 271]"
7,7,Kenna,Heath,Kenna.Heath@pmail.com,19,F,'Spain',"[264, 359]","[166, 352]"
8,8,Brayden,Barton,Brayden.Barton@pmail.com,29,M,'China',"[279, 519, 408, 460, 157, 240, 65, 283, 496, 21, 530, 416, 5, 307, 205, 11]","[217, 30, 266, 99, 199, 395, 57, 136]"
9,9,Ana,Flynn,Ana.Flynn@pmail.com,53,F,'USA',"[425, 450, 284, 417, 426, 277, 375, 493, 90, 376, 321, 43, 47, 410, 567, 392]","[262, 68]"
10,10,Lyric,Sykes,Lyric.Sykes@pmail.com,43,F,'Poland',"[136, 436, 214, 309, 425, 48, 479, 207, 235, 441, 181, 41, 353, 389, 404, 265, 414, 345, 293, 418, 540, 450, 39, 295]","[474, 75]"
11,11,Katelin,Carpenter,Katelin.Carpenter@pmail.com,23,F,'Switzerland',"[440, 428, 308, 210, 560, 219, 33, 283, 450, 326, 192, 425, 48, 439, 124, 81, 498, 258, 80, 220, 230, 217]","[524, 239, 288, 322]"
12,12,Elise,Armstrong,Elise.Armstrong@pmail.com,25,F,'Australia',"[10, 114, 242]","[331, 10, 414, 31, 142, 326]"
13,13,Bully,Landry,Bully.Landry@pmail.com,29,M,'Israel',"[54, 93]","[528, 257, 292, 496, 327, 373, 227, 20]"
14,14,Aleah,Robertson,Aleah.Robertson@pmail.com,54,F,'Russia',"[487, 83, 190, 238, 21, 394, 564, 356, 377, 5, 490, 154]","[268, 302, 52]"
15,15,Boedyn,Mckenzie,Boedyn.Mckenzie@pmail.com,35,M,'United Kingdom',"[567, 407, 388]","[128, 321, 252, 506]"
16,16,Leann,Thomas,Leann.Thomas@pmail.com,26,F,'Denmark',"[331, 349, 189, 254, 83, 500, 285, 445, 192, 513, 535, 148, 402, 303, 356, 230, 71, 437, 447, 161]","[257, 185, 233, 323]"
17,17,Ciarian,Sandoval,Ciarian.Sandoval@pmail.com,19,M,'USA',"[387, 481, 321, 472, 330, 207, 406, 78, 205, 498, 316, 332, 226, 7, 426, 478, 370, 38, 125, 290, 129, 275, 510]","[410, 196]"
18,18,Breogan,Schwartz,Breogan.Schwartz@pmail.com,59,M,'United Kingdom',"[3, 435, 256, 277, 223, 139, 153, 539, 557, 357]","[532, 279, 174, 204, 383, 121, 535]"
19,19,Bennett,Curtis,Bennett.Curtis@pmail.com,51,M,'United Kingdom',"[59, 494, 214, 531, 81, 433, 213, 96, 68, 149, 59, 430, 143, 121, 567, 307, 314, 265, 344]","[270, 147, 476, 209, 452, 132, 329, 526, 548]"
20,20,Carlo,Burris,Carlo.Burris@pmail.com,36,M,'Canada',"[325, 535, 197, 356, 429, 6, 532, 304, 495]","[539, 104, 75, 349, 391, 151, 525, 366, 320]"
21,21,Annie,Davidson,Annie.Davidson@pmail.com,43,F,'Greece',"[488, 52, 81, 391, 338, 5, 359]","[336, 66]"
22,22,Anthony,Le,Anthony.Le@pmail.com,26,M,'Netherlands',"[140, 38, 161, 529]","[492, 474, 496, 310, 241, 220, 29, 503]"
23,23,Cruz,Osborne,Cruz.Osborne@pmail.com,28,M,'Belgium',"[538, 309, 117, 210, 501]","[553, 337, 539, 270, 291, 320, 549, 516, 559]"
24,24,Ferre,Knox,Ferre.Knox@pmail.com,39,M,'Netherlands',"[226, 452, 85]","[373, 9, 516]"
25,25,Lexi,Duran,Lexi.Duran@pmail.com,35,NB,'Hungary',"[498, 177, 567, 260, 229]","[158, 177, 410, 203]"
26,26,Sabrina,Hahn,Sabrina.Hahn@pmail.com,63,F,'USA',"[435, 11, 150, 454, 179, 250, 351, 249, 292, 439, 372, 42, 221, 56, 69, 313, 58]","[470, 19, 559, 356, 263, 568]"
27,27,Joyce,Munoz,Joyce.Munoz@pmail.com,26,F,'USA',"[103, 540, 468, 62, 395, 131, 471, 544, 95, 505, 12, 77, 175, 568, 305, 293, 147, 404, 223, 450]","[388, 423, 499, 274]"
28,28,Kalyn,Berg,Kalyn.Berg@pmail.com,32,F,'United Kingdom',"[378, 434, 482, 29, 135, 118, 286, 470, 309, 282, 247]","[186, 551]"
29,29,Carolyn,Golden,Carolyn.Golden@pmail.com,54,F,'Brazil',"[474, 482, 298, 505, 162, 152, 161, 340, 515, 49, 66, 442, 549, 267, 161]",[178]
30,30,Amira,Howell,Amira.Howell@pmail.com,46,F,'Italy',"[566, 433, 455, 31, 567, 204, 321, 261, 386, 356, 255, 495, 444, 173, 534, 550, 437, 494]","[246, 453, 179, 275]"
31,31,Candace,Estes,Candace.Estes@pmail.com,60,F,'Russia',"[31, 119, 479, 472, 242, 320, 355, 99, 230, 567, 364]","[339, 569, 105, 331, 172, 238, 124]"
32,32,Cayden-Tiamo,Price,Cayden-Tiamo.Price@pmail.com,54,M,'Japan',"[482, 215, 337, 392, 322, 260, 64, 435, 439, 32, 63, 308]","[194, 443, 530, 478, 151, 38]"
33,33,Tamia,Mcknight,Tamia.Mcknight@pmail.com,24,F,'USA',"[401, 276, 545, 406, 173, 139, 457, 216, 543, 440, 320]","[113, 407, 412, 115]"
34,34,Anna,Kidd,Anna.Kidd@pmail.com,49,F,'Italy',"[363, 196, 38, 162, 334, 363, 331, 510, 414, 421, 348, 408, 368, 109, 230, 445, 177, 337, 348, 509, 103]","[2, 266, 453, 546, 72, 19]"
35,35,Eason,Brown,Eason.Brown@pmail.com,50,M,'Belgium',[154],[108]
36,36,Diesil,Avila,Diesil.Avila@pmail.com,46,M,'China',"[152, 135]","[260, 564, 149, 16, 42, 539, 250, 52, 512]"
37,37,Tamia,Jordan,Tamia.Jordan@pmail.com,20,F,'Brazil',"[102, 20, 246, 541, 500, 140, 239, 241, 322, 458, 418, 119]",[207]
38,38,Ajay,Gray,Ajay.Gray@pmail.com,43,M,'France',"[27, 125, 448, 112, 341, 399, 102, 31, 231, 65, 372, 180, 330, 123, 130]","[111, 121, 257, 510]"
39,39,George,Kerr,George.Kerr@pmail.com,21,M,'USA',"[398, 454, 272, 419]","[382, 377]"
40,40,Brady,Adkins,Brady.Adkins@pmail.com,21,M,'Spain',"[151, 138, 334, 552, 536, 266, 533, 20, 276, 50, 293, 521, 566, 243, 422, 486, 61, 435, 504, 125, 569, 209, 399]","[304, 213, 192, 437, 347]"
41,41,Ayla,Santiago,Ayla.Santiago@pmail.com,50,F,'United Kingdom',"[336, 64, 279, 231, 388, 113, 398, 212, 487, 426, 567, 292, 420, 269, 381, 233, 321, 521, 33, 30]",[43]
42,42,A-Jay,White,A-Jay.White@pmail.com,18,M,'Slovenia',"[129, 374, 354]",[480]
43,43,Davis,Russell,Davis.Russell@pmail.com,54,M,'Italy',"[20, 183, 366, 94, 197, 168, 448, 165, 154]","[187, 115, 562, 540, 333]"
44,44,Amro,Fitzgerald,Amro.Fitzgerald@pmail.com,30,M,'Luxembourg',"[430, 20, 69, 299, 212, 97, 34, 172, 464, 65]","[533, 312, 119, 568, 296]"
45,45,Meaghan,Page,Meaghan.Page@pmail.com,42,F,'Switzerland',"[247, 524, 189, 204, 388, 528, 231, 558, 300, 47, 165, 42, 89, 511, 395, 248, 328, 326, 22]","[496, 402]"
46,46,Aaryn,Hartman,Aaryn.Hartman@pmail.com,31,M,'Austria',"[424, 56, 461, 447, 125, 415, 538, 84, 304, 39, 19, 94, 418, 122, 179]","[420, 557, 309, 526, 500, 458, 33, 16, 101]"
47,47,Hailey,Brown,Hailey.Brown@pmail.com,27,F,'United Kingdom',"[83, 282]","[257, 226, 25]"
48,48,Dara,Moody,Dara.Moody@pmail.com,43,M,'Spain',"[198, 405, 544, 488, 184, 184, 220, 358, 448, 500, 545, 7, 265, 499, 61, 523]","[198, 90, 5, 161, 52, 196, 93, 496, 267]"
49,49,Dex,Jennings,Dex.Jennings@pmail.com,54,M,'Poland',"[567, 395, 135, 382, 498, 181, 529, 457]","[114, 287, 521, 399, 140, 406, 542, 137]"
50,50,Kimberly,Fulton,Kimberly.Fulton@pmail.com,41,F,'China',"[415, 214, 281, 532, 23, 466, 471, 268, 25, 268, 168, 10, 416, 7, 247, 133, 256, 389]","[373, 480, 555, 86]"
51,51,Carlos,Lopez,Carlos.Lopez@pmail.com,41,M,'United Kingdom',[],"[202, 375, 295]"
52,52,Shea,Dickson,Shea.Dickson@pmail.com,52,F,'Norway',"[189, 437, 471, 492, 82, 538, 35, 186, 567, 513, 305, 244, 477, 100, 127, 236, 516, 126, 318, 428, 544, 25, 363]",[]
53,53,Ciera,West,Ciera.West@pmail.com,59,NB,'Italy',"[250, 26, 375, 181, 476, 279, 281, 256, 55, 525, 301, 384, 224, 377, 481, 353, 270, 515, 572]","[567, 499, 58, 185, 319, 549, 189, 276, 347]"
54,54,Abbey,Henry,Abbey.Henry@pmail.com,48,F,'Israel',"[105, 497, 320, 396]","[451, 1, 77, 552]"
55,55,Kierra,Leon,Kierra.Leon@pmail.com,33,F,'France',"[206, 424, 19, 494, 497, 158, 143, 173, 255, 307, 280, 234, 432, 248, 109, 353, 339, 96, 171, 412, 553]","[517, 427]"
56,56,Corey,Case,Corey.Case@pmail.com,40,M,'Poland',"[109, 133, 393, 237, 272, 205, 62, 387]","[201, 243, 73, 349, 462, 187, 500]"
57,57,Julissa,Jackson,Julissa.Jackson@pmail.com,38,F,'Spain',"[210, 360, 481, 190, 381]",[]
58,58,Melinda,Buckley,Melinda.Buckley@pmail.com,50,F,'France',"[267, 195, 505, 568, 393, 217, 217, 212, 471, 479, 497, 75, 96, 201, 230, 357, 257, 19, 240, 12, 212]","[375, 292, 190, 476, 171, 367]"
59,59,Viviana,Sheppard,Viviana.Sheppard@pmail.com,64,F,'Russia',"[569, 107, 84, 138, 522, 293, 207, 564, 522]","[315, 249, 503]"
60,60,Lucia,Nunez,Lucia.Nunez@pmail.com,33,NB,"'Ireland, Republic'","[477, 264, 288, 129, 262, 298, 299, 434, 255, 447, 209, 363, 262, 328, 153]","[223, 107, 456, 305, 28, 140, 160, 76, 514]"
61,61,Antony,Camacho,Antony.Camacho@pmail.com,44,M,'USA',"[464, 341, 16, 301, 430, 272, 290, 269, 230, 38, 105]","[506, 500, 355, 461, 27, 544, 392]"
62,62,Beatrice,Stone,Beatrice.Stone@pmail.com,20,F,'Italy',"[303, 98, 246, 65, 336]","[400, 104]"
63,63,Daphne,Henderson,Daphne.Henderson@pmail.com,45,F,'Spain',"[2, 570, 384, 187, 459, 48, 140, 353]","[198, 202, 183, 230, 449, 519, 519, 189, 200]"
64,64,Dhavid,Abbott,Dhavid.Abbott@pmail.com,52,M,'Italy',"[524, 464, 128, 316]","[387, 249, 123, 347]"
65,65,Franko,Ford,Franko.Ford@pmail.com,64,M,'Spain',"[421, 546, 26, 196, 203, 237, 18, 203, 272, 105, 273, 19, 221, 294, 568, 30, 422, 439]","[505, 440, 531, 228, 345, 186, 534, 158, 73]"
66,66,Danyal,Holcomb,Danyal.Holcomb@pmail.com,22,M,'Netherlands',"[438, 364, 77, 235, 254, 518, 80, 514, 333, 544, 545, 487, 233, 295, 58, 565, 203, 193, 307, 514, 392, 89, 254]","[324, 460, 237, 313, 175, 95, 253, 409]"
67,67,Asfhan,Maddox,Asfhan.Maddox@pmail.com,25,M,'Spain',"[150, 461, 320, 427, 266]","[325, 398, 487, 406, 360, 314]"
68,68,Aspen,Mayer,Aspen.Mayer@pmail.com,24,F,'Denmark',"[380, 509, 88, 58, 560, 138, 129, 177, 346, 168, 237, 218, 460, 70, 376, 413, 56, 148, 450, 523, 277, 398, 382, 47]","[213, 522, 331, 310, 148, 531, 421]"
69,69,Monique,Gates,Monique.Gates@pmail.com,24,F,'Austria',"[358, 199, 506, 166, 346, 1, 433, 346, 363, 563, 299]","[121, 405, 472, 325, 391, 212, 276]"
70,70,Alihaider,Frazier,Alihaider.Frazier@pmail.com,18,M,'United Kingdom',"[347, 110, 370, 283, 240, 548, 71]","[28, 121, 439, 521, 330, 315, 436, 314]"
71,71,Alexander,Gregory,Alexander.Gregory@pmail.com,23,M,'Italy',"[273, 5, 127, 119, 490, 54, 210, 60, 31, 318, 27, 333, 299, 210, 66, 570]","[365, 484, 131, 298, 1, 192, 446]"
72,72,Blazey,Baird,Blazey.Baird@pmail.com,59,M,'Brazil',[33],"[362, 407, 537, 521, 416]"
73,73,Amin,Fuller,Amin.Fuller@pmail.com,36,M,'Denmark',"[8, 104, 419, 572, 97, 84, 361, 60, 155, 508, 136, 437, 334, 453, 75, 111]","[291, 561, 39, 23, 221, 2, 528, 490, 187]"
74,74,Karen,Roth,Karen.Roth@pmail.com,64,F,'France',"[547, 41, 74, 183, 169, 119, 11, 208]","[307, 31, 163, 389, 315, 513]"
75,75,Alfie,Delacruz,Alfie.Delacruz@pmail.com,20,M,'Turkey',"[486, 37, 236, 258, 304, 572, 332, 415, 430, 203, 544, 390, 50, 552, 338, 25, 307, 43, 13, 558]","[485, 132, 265, 51, 293]"
76,76,Bendeguz,Delaney,Bendeguz.Delaney@pmail.com,22,M,'USA',"[417, 445, 102, 414, 230, 68, 291, 417, 195, 264, 48, 352, 115, 329, 351, 443, 262, 545, 5, 201, 250, 392]","[282, 352, 270, 559, 456, 357, 418, 91]"
77,77,Kaitlin,Duncan,Kaitlin.Duncan@pmail.com,51,F,'Italy',"[114, 360, 247, 497, 252, 55, 138, 394, 111, 38, 287, 418, 166, 207, 509, 319, 551, 223, 415, 397, 197]",[]
78,78,Annie,Bradford,Annie.Bradford@pmail.com,39,F,'Italy',"[101, 435, 411, 412, 134, 169, 75, 318, 205, 142, 368, 521, 434, 512, 105, 424, 503, 519, 358]","[189, 402, 232, 302]"
79,79,Kayla,Underwood,Kayla.Underwood@pmail.com,51,F,'Belgium',"[13, 168, 331, 376, 513, 164, 372, 235, 439, 33, 42, 221, 520, 135, 168, 428, 368, 191]","[569, 268, 514, 282, 6, 187]"
80,80,Carly,Ryan,Carly.Ryan@pmail.com,41,F,'Austria',"[127, 52, 555, 78, 287, 362, 515, 510, 149, 171, 557, 336, 1, 222, 259, 539, 16, 123, 549, 142]","[402, 413]"
81,81,Blazej,Molina,Blazej.Molina@pmail.com,18,M,'USA',"[209, 250, 80, 495]",[324]
82,82,Caitlynn,Hatfield,Caitlynn.Hatfield@pmail.com,24,F,'Spain',"[189, 99, 542, 87, 383, 484, 147, 505, 387, 183, 35, 524, 42, 469, 135, 139, 428, 283, 346, 366, 67]","[195, 408, 416]"
83,83,Dylin,Head,Dylin.Head@pmail.com,57,M,'Netherlands',"[289, 360, 530, 450, 239, 268]",[534]
84,84,Faizaan,Atkins,Faizaan.Atkins@pmail.com,30,M,'Belgium',"[405, 491, 550, 44, 98, 339, 6, 137, 513, 437, 496, 441, 484, 373, 228, 131, 70, 542, 42, 521, 470]","[119, 106, 220, 131, 362, 147]"
85,85,Jaycee,Ingram,Jaycee.Ingram@pmail.com,20,F,'USA',"[555, 68, 187, 111, 296, 568, 477, 468, 277, 189, 5, 28, 334, 321, 339, 185, 561, 270, 99, 44, 397, 404, 469, 312]","[149, 352, 426]"
86,86,Yamilet,Richmond,Yamilet.Richmond@pmail.com,25,F,'Spain',"[518, 294, 559, 485, 453, 149, 22, 536, 412, 230]","[487, 402]"
87,87,Emmet,Rich,Emmet.Rich@pmail.com,50,M,'United Kingdom',"[217, 5, 211, 434, 572, 359, 128, 439, 425]","[217, 49, 166, 436, 90, 389, 484, 171]"
88,88,Dulce,Barr,Dulce.Barr@pmail.com,38,F,'Spain',"[109, 14, 522, 443, 521, 205, 249, 189, 534, 91, 320, 139]","[290, 554, 52, 429, 165]"
89,89,Daniele,Whitfield,Daniele.Whitfield@pmail.com,24,M,'USA',[],"[477, 285, 496, 384]"
90,90,Colin,Gregory,Colin.Gregory@pmail.com,27,M,'Spain',"[424, 434, 504, 212, 437, 175, 520, 477, 314, 242, 502, 315, 512, 65]","[144, 350, 184, 79, 410, 256, 325, 510]"
91,91,Arnav,Lyons,Arnav.Lyons@pmail.com,32,M,'France',[],"[563, 540, 82, 362, 400]"
92,92,Austen,Mcintyre,Austen.Mcintyre@pmail.com,63,M,'Austria',"[257, 389, 568, 285, 110, 197, 380, 166, 566, 143, 496, 476, 488, 507, 425, 251, 312, 451, 271, 110, 64, 437, 447, 196]","[230, 495, 554, 72]"
93,93,Barry,Bryant,Barry.Bryant@pmail.com,25,M,'Belgium',"[53, 536, 484, 143, 76, 293, 114, 392, 283, 331, 106, 48, 134, 363, 397, 430]","[58, 187, 89, 273, 401, 38, 569, 3, 145]"
94,94,Believe,Pugh,Believe.Pugh@pmail.com,24,M,'Austria',"[384, 33, 309, 197, 29, 133, 155, 404, 568, 265, 530, 565, 165, 495, 365, 544, 445, 185]",[479]
95,95,Cruiz,Dixon,Cruiz.Dixon@pmail.com,45,M,'Estonia',"[346, 324, 492, 283, 56, 56, 206, 572, 517, 198, 142, 115, 493, 321, 90, 94, 7, 535, 510, 288]","[232, 218, 335, 405, 55, 57, 493, 538, 219]"
96,96,Albert,Foreman,Albert.Foreman@pmail.com,38,M,'Norway',"[32, 326, 160, 69, 386, 215, 548]","[150, 279, 561, 266, 84, 280, 316]"
97,97,Hope,Flowers,Hope.Flowers@pmail.com,25,F,'USA',"[101, 191, 529, 20, 237, 178, 48, 127, 225, 356, 285, 174, 474, 458, 466]","[355, 99, 538, 185, 206, 202, 225, 188, 567]"
98,98,Hailee,Garcia,Hailee.Garcia@pmail.com,27,F,'Greece',"[246, 123, 381, 306, 127]","[111, 70]"
99,99,Sydnie,Ewing,Sydnie.Ewing@pmail.com,45,F,'Austria',"[456, 434, 232, 293, 423]",[393]
100,100,Ainslie,Barron,Ainslie.Barron@pmail.com,29,M,'Netherlands',"[88, 482, 382, 337, 356, 565, 17, 145, 120, 334, 562, 252, 327, 383, 291, 537, 433, 12]","[521, 25]"
101,101,Jeanette,Wood,Jeanette.Wood@pmail.com,20,F,'Italy',"[237, 479, 325, 322, 501, 564, 129, 398, 61]",[]
102,102,Halle,Payne,Halle.Payne@pmail.com,25,NB,'Czech Republic',"[199, 297, 370, 426, 355]","[559, 456, 179, 395]"
103,103,Bayley,Tran,Bayley.Tran@pmail.com,59,M,'France',"[394, 355, 422, 174, 203, 438, 566, 218, 29, 317, 446, 43, 182]","[553, 486, 242, 571, 217, 187]"
104,104,Ferre,Fields,Ferre.Fields@pmail.com,20,M,'Netherlands',"[439, 519, 502, 201, 496, 232, 134, 161, 27, 176, 207, 532]","[109, 103, 526, 151, 233, 308, 149, 19]"
105,105,Charlotte,Finley,Charlotte.Finley@pmail.com,63,F,'Netherlands',"[68, 72, 29, 394, 310]",[]
106,106,Caley,Brock,Caley.Brock@pmail.com,30,M,'Italy',"[101, 87, 355, 434, 125, 301, 331, 261, 480, 114, 363, 97, 135, 180, 34, 408, 439]","[209, 151, 37, 454, 261, 304, 30]"
107,107,Aedin,Slater,Aedin.Slater@pmail.com,45,M,'United Kingdom',"[123, 140, 52, 102, 495, 208, 142, 521, 17, 442, 533, 100, 382, 381, 311, 534, 517, 512, 37, 161, 347, 140, 208]","[3, 88, 301, 316, 186, 188, 115, 383, 158]"
108,108,Essa,Valentine,Essa.Valentine@pmail.com,57,M,"'Ireland, Republic'","[571, 433, 159, 145, 277, 540, 188, 147, 536, 283, 199, 57, 213, 333, 534, 233, 192, 22, 455, 36, 110, 16, 99]","[63, 206, 396, 22]"
109,109,Iyana,Lindsey,Iyana.Lindsey@pmail.com,35,F,'France',"[484, 133, 312, 77, 535, 218, 136, 76, 400]","[195, 237, 90, 23, 549, 318, 473, 257, 40]"
110,110,Alayna,Henderson,Alayna.Henderson@pmail.com,50,F,'Sweden',"[330, 49, 233, 216, 305, 413, 192, 7, 393, 565, 473, 194, 571, 365, 356, 354, 538, 199, 226, 562, 437, 211, 372]","[372, 115, 307, 349, 403, 166, 295, 66]"
111,111,Fionn,Osborne,Fionn.Osborne@pmail.com,29,M,'Australia',"[248, 406, 504, 256, 484, 541, 556, 357, 205, 128, 231]","[492, 291, 212, 263, 110, 142, 150]"
112,112,Flyn,Webster,Flyn.Webster@pmail.com,55,M,'Russia',"[131, 199, 293, 80, 280, 456, 240, 92]","[538, 384, 409, 55, 93, 364]"
113,113,Alieu,House,Alieu.House@pmail.com,60,M,'USA',"[203, 498, 57, 160, 93, 69, 442, 223, 38, 291]","[548, 276]"
114,114,Josie,Wells,Josie.Wells@pmail.com,19,F,'Poland',"[338, 439, 558, 75, 33, 18, 444, 406, 261, 26, 495, 141, 123, 139, 330, 317, 137, 197, 217, 545, 335, 297]","[293, 328, 88, 460, 441, 148, 151]"
115,115,Devlin,Obrien,Devlin.Obrien@pmail.com,58,M,'Spain',"[495, 56, 388, 292, 83, 291]","[89, 172, 377, 232]"
116,116,Brehme,Atkinson,Brehme.Atkinson@pmail.com,32,M,'Italy',[261],"[542, 532, 433, 116, 121, 422, 378, 434]"
117,117,Erencem,Vaughan,Erencem.Vaughan@pmail.com,49,M,'Netherlands',"[217, 55, 386, 53, 529]","[494, 250, 429]"
118,118,Cambell,Mcmahon,Cambell.Mcmahon@pmail.com,26,M,'China',"[342, 545, 239, 223, 301, 294, 499, 549, 399, 203, 490, 250, 500, 172, 456, 306, 330, 310]","[384, 201, 474, 492, 154]"
119,119,Aria,Fields,Aria.Fields@pmail.com,30,M,'Poland',"[239, 521, 377, 211, 440, 227, 271]","[397, 166, 415, 494, 506, 75, 429, 74]"
120,120,Darl,Blake,Darl.Blake@pmail.com,53,M,'United Kingdom',"[534, 160, 146, 164, 11, 434, 50, 458, 281, 480, 435, 110, 333, 472, 353, 190, 284, 68]","[184, 255, 382, 298]"
121,121,Carly,Collier,Carly.Collier@pmail.com,42,F,'Denmark',[295],[]
122,122,Clement,Lott,Clement.Lott@pmail.com,57,M,'Italy',"[151, 519, 145, 352, 363, 378, 556, 522, 538, 73, 164, 94, 397, 206]",[]
123,123,Alexandra,Craft,Alexandra.Craft@pmail.com,49,F,'United Kingdom',"[315, 251, 301, 270, 456, 422, 258, 392, 512, 85, 208, 163, 90, 285, 242, 99, 158, 304, 96, 570, 67, 262, 558, 505]","[520, 267, 12, 58, 109, 536, 410, 231, 28]"
124,124,Paula,Dickerson,Paula.Dickerson@pmail.com,56,F,'Italy',"[137, 236, 389, 522, 355, 276, 531, 33]","[206, 444, 376, 2]"
125,125,Bailey,Chandler,Bailey.Chandler@pmail.com,59,M,'Norway',"[550, 241, 237]","[500, 490, 4]"
126,126,Ali,Welch,Ali.Welch@pmail.com,44,M,'Spain',"[62, 195, 258, 121, 263, 533, 518, 74, 173, 104, 551, 278, 513, 132, 104, 214, 440, 395, 67]","[214, 487, 325, 260, 284]"
127,127,Andrejs,Blackburn,Andrejs.Blackburn@pmail.com,19,M,'Japan',"[529, 270, 497, 13, 251, 120, 150, 309, 146, 466, 119, 513, 516, 387]","[47, 36, 139, 401, 408, 102, 564, 175, 407]"
128,128,Ayden,Lambert,Ayden.Lambert@pmail.com,52,M,'United Kingdom',"[180, 321, 410, 483, 540, 395, 552, 177, 174, 341, 12, 463, 485, 29, 35, 265, 414, 79, 521]","[218, 205, 522, 476, 433, 328, 136, 342]"
129,129,Heidi,Ingram,Heidi.Ingram@pmail.com,37,F,'United Kingdom',"[65, 88, 85, 17, 102, 490, 218, 151, 542, 172, 135, 158, 28, 124, 351, 2, 214, 135, 439, 340, 14, 563, 424]","[104, 428, 442, 101, 1]"
130,130,Madelynn,Garcia,Madelynn.Garcia@pmail.com,34,NB,'Netherlands',"[348, 160]","[431, 130, 428, 81, 493, 525, 8, 215, 263]"
131,131,Georgia,Orr,Georgia.Orr@pmail.com,48,F,'Australia',"[363, 311, 380, 416, 354, 370, 116, 524, 133, 286, 67, 235, 101]","[388, 238, 337, 196, 232, 103, 162, 500, 251]"
132,132,Hanna,Tucker,Hanna.Tucker@pmail.com,62,F,'Portugal',"[166, 110, 435, 495, 92, 291, 468, 321, 302, 399]",[297]
133,133,Erencem,Goodman,Erencem.Goodman@pmail.com,20,M,'Sweden',"[19, 490, 458, 136, 537, 397, 188, 51, 109, 161, 146]","[415, 54, 107, 317, 1]"
134,134,Kylie,Rush,Kylie.Rush@pmail.com,53,F,'Poland',"[385, 432, 53, 558, 232, 311, 460, 453, 40, 496, 258, 235, 424, 415, 181, 356]","[34, 502, 143, 56, 237]"
135,135,Darby,Keller,Darby.Keller@pmail.com,19,F,'France',"[546, 354, 136, 557, 401, 315]",[]
136,136,Isabelle,Rocha,Isabelle.Rocha@pmail.com,37,F,'Belgium',"[480, 52, 518, 440, 133]","[430, 406, 403]"
137,137,Genesis,Crane,Genesis.Crane@pmail.com,31,F,'Australia',"[369, 495, 44, 535, 160, 499, 164, 89, 237, 402, 251, 133, 348, 30, 74, 188, 158, 170, 424]","[370, 141, 339, 135, 494, 444, 379, 74]"
138,138,Gina,Buck,Gina.Buck@pmail.com,61,F,'China',"[468, 33, 97, 567, 543]","[267, 115]"
139,139,Nayeli,Grimes,Nayeli.Grimes@pmail.com,19,F,'France',"[299, 119, 457, 199, 347, 526, 374, 15, 222, 380, 94, 55, 343, 37, 377, 29, 464, 540, 432, 151, 381, 463]","[34, 560, 368, 160]"
140,140,Cuillin,Valencia,Cuillin.Valencia@pmail.com,60,M,'China',"[116, 468, 534, 398, 233, 194, 28, 84, 138, 67]","[384, 373]"
141,141,Believe,Bentley,Believe.Bentley@pmail.com,62,M,'Switzerland',"[510, 114, 208, 311, 544, 359, 19, 385, 355, 202]","[178, 550, 536, 288, 274]"
142,142,Benjamyn,Dunlap,Benjamyn.Dunlap@pmail.com,46,M,'USA',"[176, 153, 111, 177, 3, 551, 75, 564, 177, 280, 85]","[528, 432, 264, 515, 62, 417]"
143,143,Alishan,Odonnell,Alishan.Odonnell@pmail.com,52,M,'France',"[229, 492, 156, 123, 167, 298, 257, 282, 132, 414, 381, 387, 488, 356, 472]","[11, 549, 328, 422, 324, 544, 551]"
144,144,Toni,Rowe,Toni.Rowe@pmail.com,32,NB,'Taiwan',"[262, 163, 348, 449, 49, 563, 410, 172, 558, 140, 451, 242, 169, 390]","[377, 215, 479]"
145,145,Domanic,Cooke,Domanic.Cooke@pmail.com,24,M,'Belgium',"[85, 403, 394, 207]","[166, 385, 297]"
146,146,Sarina,Olson,Sarina.Olson@pmail.com,51,F,'Italy',"[187, 215, 522, 504, 489, 213, 140, 217, 253, 437]","[59, 38, 422, 303, 169]"
147,147,Hayley,Owen,Hayley.Owen@pmail.com,25,F,'USA',"[282, 69, 344, 550, 85, 410, 141, 416, 63, 167, 374, 376, 261, 131, 137, 393, 467]","[36, 139, 50, 250, 293, 205]"
148,148,Anya,Mccullough,Anya.Mccullough@pmail.com,28,F,'United Kingdom',"[187, 417]","[569, 363, 439, 77]"
149,149,Chintu,Marks,Chintu.Marks@pmail.com,44,M,'Netherlands',"[90, 500, 571, 19, 156, 302, 73, 74, 48, 542, 434, 298, 321, 2, 384, 282, 566, 356, 526, 75, 563]","[272, 547]"
150,150,Cillian,Moon,Cillian.Moon@pmail.com,38,M,'Russia',"[198, 80, 131, 414, 98, 401, 197, 309, 403, 464, 103, 454, 398]",[]
151,151,Trisha,Jensen,Trisha.Jensen@pmail.com,59,F,'Switzerland',"[59, 305, 396, 178, 205, 6, 516]","[421, 512, 520, 61, 24, 101, 81]"
152,152,Grace,Parrish,Grace.Parrish@pmail.com,53,F,'Switzerland',"[199, 461, 283, 404, 25, 467, 90, 107, 209, 516, 483, 290, 562, 544, 556, 127, 282, 328, 200, 258, 273]","[111, 495, 27, 245, 106, 412, 55]"
153,153,Avani,Blanchard,Avani.Blanchard@pmail.com,20,M,'Spain',"[40, 425, 527, 64, 219, 181, 185, 212, 421]","[395, 9, 168, 197, 443, 161, 416, 338]"
154,154,Calum,Langley,Calum.Langley@pmail.com,44,M,'Turkey',"[300, 254]",[]
155,155,Gwendolyn,James,Gwendolyn.James@pmail.com,60,F,'Spain',"[316, 438, 89, 259, 183, 473, 101]",[]
156,156,Ajayraj,Bush,Ajayraj.Bush@pmail.com,55,M,"'New Zealand, Oceania'","[57, 370, 88, 482, 297, 208, 282, 307, 460, 571, 263, 508, 566, 99, 222, 135, 379, 20, 290, 479, 350, 517, 6, 565]","[466, 499, 384, 289, 164]"
157,157,Devlin,Riddle,Devlin.Riddle@pmail.com,39,M,'Australia',"[432, 24, 493, 518, 471, 384, 225, 366, 71, 291, 381, 558, 379, 479, 260, 223, 45, 241, 18, 255, 440, 193, 454, 182]","[478, 147, 55, 509, 66, 429, 165, 486, 287]"
158,158,Finnan,Anthony,Finnan.Anthony@pmail.com,26,M,'France',"[484, 10, 268, 323, 516, 515, 4]","[549, 439, 289, 237, 432, 489, 519, 503, 457]"
159,159,Quinn,Griffin,Quinn.Griffin@pmail.com,21,F,'Norway',"[27, 479, 532, 395, 289, 428, 136, 143, 477, 514, 484, 490, 524, 322, 375, 17, 112]","[134, 282, 111, 106, 395, 564]"
160,160,Caedan,Preston,Caedan.Preston@pmail.com,22,M,'Netherlands',"[470, 69, 387]","[63, 350, 154, 533, 79, 2, 410, 546, 214]"
161,161,Imani,Cash,Imani.Cash@pmail.com,48,F,'United Kingdom',"[540, 463, 210, 48, 306, 53, 246, 542, 31, 181, 65, 239, 199, 539, 500, 396, 214, 491, 57]","[361, 376, 512, 260, 197, 329, 328, 126]"
162,162,Angel,Fletcher,Angel.Fletcher@pmail.com,18,M,'China',"[349, 478, 206, 410, 503, 219, 151, 276]","[32, 100, 486, 399, 371, 468]"
163,163,Jill,Hays,Jill.Hays@pmail.com,47,F,'Czech Republic',"[243, 467, 446, 167, 504, 137, 154, 502, 167, 272, 367, 533, 33, 71, 498, 367, 540, 368]","[279, 204, 367, 213, 277, 145, 318]"
164,164,Karley,Rosario,Karley.Rosario@pmail.com,63,F,'Italy',"[320, 129, 185, 329, 86, 474, 75, 427, 150, 44, 441, 113, 184, 304, 16, 118, 253, 525, 50, 96, 51, 443, 439, 469]",[1]
165,165,Declain,Weeks,Declain.Weeks@pmail.com,28,M,'Spain',"[400, 346, 436, 547]","[549, 224, 79, 301, 112, 25, 116]"
166,166,Derryn,Everett,Derryn.Everett@pmail.com,20,M,'Hungary',"[405, 72, 509, 63, 204, 230, 355, 477, 191]","[491, 338, 3, 363, 383, 233, 175, 53, 453]"
167,167,Braden,Nichols,Braden.Nichols@pmail.com,60,M,'USA',"[211, 333, 388, 93, 420, 302, 36, 274, 456, 35, 16, 163, 433, 196, 533, 562, 115, 176]","[531, 412, 209, 159, 511]"
168,168,Deacon,Allen,Deacon.Allen@pmail.com,33,M,'Israel',"[279, 418, 460, 244, 117, 492]",[]
169,169,Daniella,Tucker,Daniella.Tucker@pmail.com,46,F,'Spain',"[325, 35, 119, 43, 456, 178, 387, 561, 313, 239, 119, 443, 210, 156, 32, 148, 108]","[309, 441, 536, 288, 436, 106, 260, 92]"
170,170,Julianne,Cohen,Julianne.Cohen@pmail.com,27,NB,'France',"[56, 214, 351, 319, 297, 220, 399, 522, 162, 259, 59, 74, 113, 39, 115, 146, 73, 8, 154, 144]","[311, 561, 30, 561, 456]"
171,171,Darrius,Leon,Darrius.Leon@pmail.com,41,M,'Poland',"[34, 158, 48, 553, 82, 543, 248, 569, 297, 202, 489, 429, 217, 469, 414, 184, 459, 353]","[74, 399, 26, 277, 329]"
172,172,Julissa,Richards,Julissa.Richards@pmail.com,50,F,'Brazil',"[520, 401, 22, 472, 415, 463, 35, 507, 19, 133, 499, 9, 419, 344, 469, 518, 542, 356]","[36, 159, 541, 522, 564, 161, 112, 159, 491]"
173,173,Yvonne,Parrish,Yvonne.Parrish@pmail.com,57,F,'Spain',"[133, 67, 153, 404, 496, 75, 210, 560, 286, 252, 476, 41, 170, 25, 486, 239, 477, 170, 266, 83, 330, 406, 383, 284]","[570, 362, 501, 373, 302, 267, 61, 174]"
174,174,Cara,Manning,Cara.Manning@pmail.com,22,F,'Netherlands',"[337, 228, 257, 304, 69, 310, 47, 181, 35, 341, 122, 509, 299, 218, 314, 71, 224]","[497, 82, 338, 211, 275, 98, 343, 156, 63]"
175,175,Aleem,Sampson,Aleem.Sampson@pmail.com,38,M,"'Ireland, Republic'","[328, 171, 150, 62, 391, 52, 160, 469, 22, 224, 291, 572, 514, 46, 250, 33, 525, 43, 132, 148, 72, 85]","[106, 372, 378, 273, 457]"
176,176,Cullen,Combs,Cullen.Combs@pmail.com,32,M,'Italy',"[75, 306, 358, 217, 411, 80, 31, 80, 422, 511, 163, 140, 550, 118]","[240, 481, 138, 527, 278]"
177,177,Lauryn,Meyers,Lauryn.Meyers@pmail.com,54,F,'South Africa',"[30, 453, 387, 126, 484]","[250, 523, 521, 185, 264, 517, 417, 422, 450]"
178,178,Angelina,Hanson,Angelina.Hanson@pmail.com,25,F,"'Ireland, Republic'","[477, 424, 471, 53, 196, 235, 483, 322, 519, 368, 360, 222, 484, 94, 369]",[]
179,179,Kiarra,David,Kiarra.David@pmail.com,48,F,'Belgium',"[116, 50, 404, 348, 508, 500, 241, 50, 389, 92, 124, 228, 139]","[308, 399, 528, 560, 221, 301, 341]"
180,180,Hallie,Ellison,Hallie.Ellison@pmail.com,34,F,'Spain',"[245, 536, 556, 534, 49, 530, 291, 417, 422]","[221, 490, 475, 536]"
181,181,Julie,Wiley,Julie.Wiley@pmail.com,56,F,'Czech Republic',"[102, 558, 262, 407, 270, 65, 85, 551, 515, 93, 453, 343, 178, 519, 303, 426, 63, 542, 183, 362, 188]",[67]
182,182,Blazey,Mcguire,Blazey.Mcguire@pmail.com,46,M,'USA',"[308, 23]","[262, 403, 420, 454, 542, 431, 224, 456]"
183,183,Joyce,Mclean,Joyce.Mclean@pmail.com,37,F,'Netherlands',"[87, 462, 424, 152, 301, 474, 166, 131, 440, 131, 110, 357, 24, 405, 445, 96, 314, 197, 550, 506, 522, 240, 413, 481]","[77, 510, 408, 232, 360, 150, 434]"
184,184,Jessica,Carson,Jessica.Carson@pmail.com,34,F,'Latvia',"[484, 27, 84, 378, 318, 437]",[542]
185,185,Daragh,Huffman,Daragh.Huffman@pmail.com,23,M,'Finland',"[191, 397, 269, 243, 317, 286, 242, 546, 147, 409, 569]","[155, 60]"
186,186,Braydyn,Maxwell,Braydyn.Maxwell@pmail.com,30,M,'Australia',"[552, 429, 361, 120, 358, 92, 455, 31]","[88, 203, 287]"
187,187,Calder,Parker,Calder.Parker@pmail.com,59,M,'Finland',[],"[92, 425, 175]"
188,188,Dissanayake,Figueroa,Dissanayake.Figueroa@pmail.com,59,M,'Taiwan',"[102, 70, 180, 178, 508, 94, 548, 557, 228, 122, 390, 441, 503, 437, 209, 55, 284]","[262, 522, 170]"
189,189,Artem,Mcintyre,Artem.Mcintyre@pmail.com,59,M,'Spain',"[156, 377, 338, 249, 111]","[47, 109, 26, 490, 445]"
190,190,Scarlett,Meyer,Scarlett.Meyer@pmail.com,64,F,'United Kingdom',"[474, 388, 311, 244, 90, 265, 433, 563, 478, 196, 49, 177, 445, 319]","[408, 60, 61, 377]"
191,191,Corrie,Lane,Corrie.Lane@pmail.com,48,M,'Israel',"[54, 440, 28, 22, 253, 515, 169, 270, 345]","[255, 509, 509, 375, 194, 111]"
192,192,Brandan,May,Brandan.May@pmail.com,22,M,'Poland',"[194, 267, 73, 508, 323, 211, 125, 320, 238, 10, 466, 26, 545, 36, 369, 262]","[136, 184, 541, 203, 178, 340, 409]"
193,193,Bill,Mejia,Bill.Mejia@pmail.com,40,M,'France',"[528, 256, 202, 327, 424, 116, 293, 322, 206, 565, 522, 455, 184, 119, 182, 325, 536, 409]","[315, 247]"
194,194,Diana,Moreno,Diana.Moreno@pmail.com,24,F,'Austria',"[201, 50, 84, 529, 31, 251, 477, 561, 420, 37, 166, 434, 478, 413, 101]","[34, 68, 93, 527, 480, 253, 312, 161]"
195,195,Jessica,Mclean,Jessica.Mclean@pmail.com,23,F,'Poland',"[143, 558, 368, 403, 485, 71, 274, 490, 184, 187, 402, 16, 227, 446]","[487, 165, 427, 163, 316, 432, 293]"
196,196,Bryson,Ryan,Bryson.Ryan@pmail.com,25,M,'France',[],"[384, 503, 68, 163]"
197,197,Shayna,Calderon,Shayna.Calderon@pmail.com,41,F,'Netherlands',"[210, 86]","[217, 63]"
198,198,Eadie,Mann,Eadie.Mann@pmail.com,28,M,'France',"[63, 556, 254]","[297, 10, 16, 545]"
199,199,Mckayla,Roy,Mckayla.Roy@pmail.com,48,F,'USA',"[524, 367, 117, 495, 7, 426, 449, 203, 336, 122, 311, 447, 516, 124, 105, 94, 503, 15, 346, 91]",[433]
200,200,Margarita,Michael,Margarita.Michael@pmail.com,40,F,'Italy',"[127, 199, 67, 137, 310, 382, 276]","[248, 78, 452, 183, 72, 350]"
201,201,Conlyn,Parker,Conlyn.Parker@pmail.com,61,M,'France',"[115, 353, 250, 53, 392, 136, 351, 397, 221, 440, 522, 182, 108, 557, 451, 144]","[446, 400, 258, 486]"
202,202,Donnie,Holmes,Donnie.Holmes@pmail.com,34,M,'Italy',"[400, 477, 83, 434, 570, 378, 156]","[87, 211, 524, 367, 204, 299, 479, 304]"
203,203,Cabhan,Kane,Cabhan.Kane@pmail.com,27,M,'USA',"[284, 314, 312, 257, 184, 369, 24, 321]","[458, 90, 83, 381]"
204,204,Daumantas,Bridges,Daumantas.Bridges@pmail.com,22,M,'USA',"[23, 268]","[11, 286, 221]"
205,205,Colton,Irwin,Colton.Irwin@pmail.com,26,M,'China',"[417, 400, 127, 200, 348, 118, 526, 350, 411, 352, 500, 483, 244, 149, 412, 263, 567, 49, 247, 189, 229, 516]","[172, 185]"
206,206,Alister,Blankenship,Alister.Blankenship@pmail.com,53,M,'Spain',"[229, 379, 570, 6, 101, 361, 72, 199, 439, 328, 255, 213, 192, 273, 335, 89, 396, 93, 434]","[388, 275, 303, 184, 360, 228, 55]"
207,207,Aniya,Lynn,Aniya.Lynn@pmail.com,33,F,'Netherlands',"[459, 289, 540, 470, 561, 150, 196]","[450, 528, 46, 45, 182, 82, 557, 531, 60]"
208,208,Cristian,Knight,Cristian.Knight@pmail.com,46,M,'Spain',"[147, 350, 477, 331, 310, 131, 564, 538, 7, 227, 7, 273, 475, 520]","[352, 458, 68, 147, 502, 195, 195, 67]"
209,209,Fares,Sparks,Fares.Sparks@pmail.com,49,M,'USA',"[70, 380, 256, 97, 336, 284, 44, 346, 57, 552]","[362, 115, 451, 544, 233, 452, 512, 56]"
210,210,Teagan,Stone,Teagan.Stone@pmail.com,20,F,'Ukraine',[205],"[507, 58, 552, 210, 55, 430, 64, 180]"
211,211,Corben,Mercer,Corben.Mercer@pmail.com,55,M,'USA',"[506, 477, 409, 117, 107, 86, 208, 185, 167, 391, 336, 77, 161, 516, 373, 335, 19]","[474, 18, 127, 304]"
212,212,Cora,Willis,Cora.Willis@pmail.com,22,NB,'Slovakia',"[352, 302, 359]","[154, 331]"
213,213,Chimsom,Fernandez,Chimsom.Fernandez@pmail.com,20,M,'Spain',"[357, 210, 557]",[]
214,214,Diamond,Weeks,Diamond.Weeks@pmail.com,29,F,'Russia',"[76, 458, 384, 492, 499]","[344, 293, 476]"
215,215,Cabhan,Leach,Cabhan.Leach@pmail.com,24,M,'Denmark',"[240, 491, 326, 41, 484, 82, 79, 489, 139, 265, 410, 285, 215, 100, 513, 195, 399, 545, 45, 143]",[140]
216,216,Jordyn,Higgins,Jordyn.Higgins@pmail.com,56,F,'Italy',"[495, 300, 500, 80, 367, 293, 333, 363, 549, 245, 405, 126, 227, 330, 487, 3, 355, 176, 15, 46, 288]","[66, 212, 155, 510, 371]"
217,217,CJ,Dickerson,CJ.Dickerson@pmail.com,43,M,'USA',"[367, 40, 564, 113, 128, 375, 294, 198, 238, 300, 539, 166, 405, 444]",[41]
218,218,Joanne,Landry,Joanne.Landry@pmail.com,27,F,'USA',"[470, 496, 60, 20, 162, 336, 311, 257, 56, 172, 160, 360, 306, 541, 256]","[320, 18, 218, 213]"
219,219,Makayla,Cortez,Makayla.Cortez@pmail.com,38,F,'Spain',"[137, 109, 273, 559, 56, 10, 294]","[108, 425, 8, 69, 29, 248, 104, 248]"
220,220,Katrina,Mcintosh,Katrina.Mcintosh@pmail.com,27,F,'Spain',"[44, 488, 358, 420]","[542, 519, 105, 124, 78, 78, 261, 538]"
221,221,Miriam,Haney,Miriam.Haney@pmail.com,27,F,'Finland',"[173, 331, 69]","[295, 312, 242, 563, 513, 494]"
222,222,Edwin,Morrison,Edwin.Morrison@pmail.com,27,M,'Spain',"[344, 375, 461, 33, 478, 353, 229, 165, 154, 359, 445, 10, 445, 126, 72, 201, 81, 478]","[495, 269, 396, 538, 221, 77, 505, 29, 4]"
223,223,Eliot,James,Eliot.James@pmail.com,54,M,'Spain',"[83, 171, 556, 219, 19, 428, 190, 56, 220, 244, 552, 204, 529]",[]
224,224,Aldred,Gaines,Aldred.Gaines@pmail.com,49,M,'Romania',"[506, 14, 138, 504, 395, 299, 379, 419, 323, 36, 58, 236, 53, 353, 569, 245, 346, 276, 323, 47, 411]",[]
225,225,Ainslie,Bruce,Ainslie.Bruce@pmail.com,32,M,'USA',"[528, 464, 524, 496, 151, 239, 271, 564, 312, 558, 314, 137, 375, 552, 144]",[359]
226,226,Daisy,Wood,Daisy.Wood@pmail.com,57,F,'Latvia',"[218, 115, 400, 517, 28, 546, 356, 146]","[528, 50, 270, 556, 162, 504, 95]"
227,227,Brad,Frost,Brad.Frost@pmail.com,60,M,'Norway',"[206, 171, 174, 333, 378, 441, 186, 346, 14, 106]","[37, 163, 51, 205, 200, 466, 384]"
228,228,Belen,Ferrell,Belen.Ferrell@pmail.com,25,F,'United Kingdom',"[91, 253, 351, 492, 50, 170, 548, 447, 104, 527, 10, 548, 150, 350, 447, 562, 346, 542, 522, 394, 533, 364, 209]","[297, 24]"
229,229,Damian,Rosario,Damian.Rosario@pmail.com,44,M,'Canada',"[186, 213, 313, 86, 255, 517]","[398, 422, 450, 513, 62, 298, 158]"
230,230,Nadia,Gould,Nadia.Gould@pmail.com,44,F,'France',"[427, 100, 99, 405, 85, 236, 489, 555, 403, 401, 343, 519, 267, 214, 22, 144, 558, 132, 255, 130, 19]","[397, 192, 408, 92, 521]"
231,231,Dyllan,Willis,Dyllan.Willis@pmail.com,46,M,'Belgium',"[161, 450, 408, 299, 89, 205, 244]","[357, 111, 157, 423, 57, 108]"
232,232,Atapattu,Rosario,Atapattu.Rosario@pmail.com,26,M,'Israel',"[204, 360, 416, 468, 171, 562, 119, 464, 356, 286, 436, 191, 349, 453, 396, 546, 223, 63, 40]","[560, 209, 293, 301]"
233,233,Declyan,Koch,Declyan.Koch@pmail.com,30,M,'Brazil',"[313, 127, 430]","[135, 353, 132, 297, 26, 199, 147]"
234,234,Chaya,Navarro,Chaya.Navarro@pmail.com,54,F,'France',"[5, 173, 428, 483, 536, 177]","[472, 365, 224, 415, 21, 73]"
235,235,Cristal,Foster,Cristal.Foster@pmail.com,39,NB,"'Ireland, Republic'","[109, 82, 490, 19, 395, 427, 496, 556, 348, 154, 37, 156, 9, 548, 487, 43, 507, 46, 460, 319]","[55, 194, 524, 148, 443, 52, 487, 184]"
236,236,Cohan,Pugh,Cohan.Pugh@pmail.com,53,M,'Arabic Gulf States',"[506, 180, 402, 554, 521, 514, 342, 250, 243, 570, 417, 427, 261]","[413, 391, 554, 284, 411, 392, 559, 565]"
237,237,Bernard,Mcguire,Bernard.Mcguire@pmail.com,54,M,'Arabic Gulf States',"[139, 536, 556, 481, 317, 225, 379, 541, 567, 495, 258, 334, 39, 522]","[87, 402, 456, 170, 346, 403]"
238,238,Arianna,Riggs,Arianna.Riggs@pmail.com,50,F,'Spain',"[106, 271, 470, 277, 510, 543, 34, 492, 342]",[]
239,239,Natalie,Mann,Natalie.Mann@pmail.com,59,F,'Turkey',"[473, 530, 18, 487, 493, 566, 100, 554, 110, 409, 253, 13, 326, 141, 293, 477, 319, 482, 446, 532, 114]","[557, 386, 275, 271, 142, 451]"
240,240,Ash,Frank,Ash.Frank@pmail.com,26,M,'Norway',"[10, 284, 181, 507, 454, 537, 123, 42]",[]
241,241,Alma,Bird,Alma.Bird@pmail.com,22,NB,'Brazil',"[117, 501, 374, 68, 211, 494, 4, 154, 488, 162, 333, 254, 485, 459, 363, 569, 427, 379]","[539, 335, 19, 145, 147, 464, 369]"
242,242,Eli,Kirby,Eli.Kirby@pmail.com,27,M,'United Kingdom',"[350, 554, 399, 497, 339, 313, 10, 288, 526, 146, 332, 467, 464, 439, 62, 19, 178, 44, 508, 446]","[533, 494, 288, 386, 208, 502, 50]"
243,243,Baron,Hamilton,Baron.Hamilton@pmail.com,21,M,'Ukraine',"[421, 142, 7, 26, 141, 182, 335, 30, 99, 135, 269, 198, 244, 141]","[150, 345, 497]"
244,244,Tess,Ayers,Tess.Ayers@pmail.com,24,NB,'Austria',"[490, 17, 267, 210, 571, 440, 160, 335]","[463, 460, 570, 388, 139, 389, 281, 158, 490]"
245,245,Odalys,Hurley,Odalys.Hurley@pmail.com,30,F,'Spain',"[283, 368, 416, 316, 227, 391, 481, 203, 550]","[469, 43, 206, 410, 176, 147, 175, 522]"
246,246,Arun,Church,Arun.Church@pmail.com,30,M,'China',"[396, 463, 549, 524, 209, 190, 68, 85, 212, 439, 522, 263, 501, 422, 454, 262, 198, 403]","[370, 396, 278, 332, 206, 209, 267, 386]"
247,247,Ciera,Coleman,Ciera.Coleman@pmail.com,43,NB,'Arabic Gulf States',"[427, 356, 481, 418, 547, 484, 355, 173, 309, 191, 292, 309, 161]",[]
248,248,Fraser,Henry,Fraser.Henry@pmail.com,54,M,'Netherlands',"[59, 58, 515, 265, 378, 285, 119]","[83, 384, 514, 3, 511, 400]"
249,249,Cecelia,Phillips,Cecelia.Phillips@pmail.com,30,F,'France',"[241, 265, 558, 466, 39, 389, 207, 28]","[269, 406, 518, 277, 516, 427]"
250,250,Erika,Mayer,Erika.Mayer@pmail.com,27,F,'Switzerland',"[340, 68, 572, 499, 351, 72, 415, 239, 52, 160, 333, 189, 515, 516, 243, 78, 113, 353, 129, 480, 112, 336]",[240]
251,251,Caleb,Kirk,Caleb.Kirk@pmail.com,41,M,'Poland',"[130, 438, 50, 306, 134, 355, 128, 398, 141, 548, 394]","[419, 504, 518, 441, 294, 432, 437]"
252,252,Alfee,Carr,Alfee.Carr@pmail.com,22,M,'Luxembourg',"[316, 166, 323, 253, 531, 347, 402, 24, 245, 372, 500, 235, 24, 241, 73, 91, 408, 132, 183, 318, 107, 480]","[297, 89, 218]"
253,253,Coben,Hernandez,Coben.Hernandez@pmail.com,49,M,'France',"[552, 234, 476, 243, 12, 484, 375, 474]","[175, 311, 250, 195, 428]"
254,254,Asim,Knapp,Asim.Knapp@pmail.com,28,M,'Portugal',"[300, 526, 263, 215, 134, 260, 53, 286]","[221, 114, 527, 179]"
255,255,Elena,Cervantes,Elena.Cervantes@pmail.com,64,F,'Russia',"[71, 170, 535, 39, 375, 15, 379, 191, 557, 332, 126, 210, 190, 21, 496, 27, 132, 477]","[454, 287, 214, 497, 203, 54, 221]"
256,256,Marie,Brewer,Marie.Brewer@pmail.com,26,F,'Poland',"[127, 484, 126, 525, 452, 363, 561, 492, 441, 165, 344]","[169, 127, 23, 416, 57]"
257,257,Esther,Simpson,Esther.Simpson@pmail.com,61,F,'Switzerland',"[482, 528, 340, 419, 442, 475, 301, 268, 448, 102, 337, 62, 59, 387]",[101]
258,258,Natalia,Avila,Natalia.Avila@pmail.com,30,F,'Sweden',"[105, 150, 76, 535, 45]","[540, 332, 326, 121, 186, 181, 221]"
259,259,Clara,Coleman,Clara.Coleman@pmail.com,39,F,'Russia',"[378, 383, 33, 219, 284, 230, 467, 3, 229, 138, 120, 548, 348, 332, 43, 25, 46, 465, 179]","[296, 334, 135, 15, 299, 159, 515, 414]"
260,260,Conrad,Carr,Conrad.Carr@pmail.com,32,M,'Denmark',"[253, 143, 394, 16, 156, 400, 201, 277, 398, 526, 155, 60, 399, 198, 448, 251, 261, 396, 115, 136, 548, 463, 341, 274]",[482]
261,261,Nikki,Sellers,Nikki.Sellers@pmail.com,45,F,'Denmark',"[375, 205, 44, 180, 403, 180, 555]","[568, 154, 14, 53, 139, 257]"
262,262,Isabel,Keller,Isabel.Keller@pmail.com,46,F,'Finland',"[552, 255, 46, 216, 444, 110, 238, 145, 246, 77, 257, 192]",[]
263,263,Cassidy,Turner,Cassidy.Turner@pmail.com,31,F,'France',"[192, 76, 490, 242, 248, 284, 63, 50, 190, 338, 249]","[435, 204, 395, 402, 401, 324, 319, 449]"
264,264,Bully,Trujillo,Bully.Trujillo@pmail.com,56,M,'Austria',"[128, 118, 61, 221, 531, 169, 383, 373, 172, 20]","[398, 530]"
265,265,Stacy,Pace,Stacy.Pace@pmail.com,59,F,'Italy',"[436, 108, 482, 460, 261, 210, 15, 158, 2, 556, 362, 198, 443, 194, 288]","[319, 556, 257]"
266,266,Ayan,Dalton,Ayan.Dalton@pmail.com,22,M,'Belgium',"[318, 324, 516, 23, 396, 233, 40, 339, 272, 204, 365, 400, 350, 210, 454, 113, 277]","[406, 419, 351, 73, 390, 443]"
267,267,Taya,Alston,Taya.Alston@pmail.com,29,F,'Italy',"[179, 356, 138, 245, 154, 78, 242, 117, 16, 21, 274, 463, 145, 235, 149, 303, 88, 267]","[79, 524, 487, 503, 49]"
268,268,Jakayla,Francis,Jakayla.Francis@pmail.com,53,F,'USA',"[368, 510, 150, 43, 416]","[86, 557, 553, 539, 250, 533]"
269,269,Alysha,Freeman,Alysha.Freeman@pmail.com,44,F,'Spain',"[177, 310, 419, 535, 315, 201, 365, 532, 462]","[505, 309]"
270,270,Coupar,Gordon,Coupar.Gordon@pmail.com,42,M,'Sweden',"[62, 161, 511, 560, 161, 543, 36, 441, 129, 42]","[290, 496, 187, 359, 96]"
271,271,Braden,Cash,Braden.Cash@pmail.com,62,M,'Russia',"[203, 567, 163, 381, 304, 104, 49, 362, 162, 174, 457, 441, 483, 333, 202, 293, 279, 12]",[]
272,272,Arron,Oneil,Arron.Oneil@pmail.com,54,M,'Australia',[],[280]
273,273,Cormac,Gallagher,Cormac.Gallagher@pmail.com,31,M,'Spain',"[381, 472, 135, 262, 245, 565, 194, 169, 350, 413, 328, 164, 317, 71, 513, 6, 323, 159, 146, 439, 235, 149, 146]","[334, 181, 311, 448, 108, 13]"
274,274,Aiadan,Maddox,Aiadan.Maddox@pmail.com,57,M,'Italy',"[421, 52, 208, 109]",[486]
275,275,Cody,Cooley,Cody.Cooley@pmail.com,58,M,'Hungary',"[526, 288]",[89]
276,276,Bracken,Nash,Bracken.Nash@pmail.com,46,M,'France',"[224, 401, 103]","[501, 506, 51, 470]"
277,277,Bobby-Lee,Simon,Bobby-Lee.Simon@pmail.com,29,M,'Poland',"[528, 487, 446, 517, 559, 303, 94, 308, 570, 562, 335, 565, 12, 177, 228]","[254, 50, 206, 376, 387, 338, 35, 454, 208]"
278,278,Leticia,Bird,Leticia.Bird@pmail.com,20,NB,'Denmark',"[524, 423, 424, 78, 59, 222, 227, 482, 565, 267, 64, 9, 233, 563, 306]","[199, 232, 418, 475, 43]"
279,279,Esperanza,Ingram,Esperanza.Ingram@pmail.com,47,NB,'Ukraine',"[364, 474, 341, 131, 167, 73]","[521, 178, 164, 206, 355, 179]"
280,280,Brendan,Dodson,Brendan.Dodson@pmail.com,27,M,'Turkey',"[492, 436, 332, 55, 501, 281, 84, 475, 59, 457, 356, 221, 510, 278]","[87, 432, 292, 246]"
281,281,Caleb,Mayer,Caleb.Mayer@pmail.com,29,M,'China',"[129, 287, 571, 401, 269, 334, 510, 204, 119, 532, 28, 102, 490, 531, 4, 474, 180, 291, 86, 515, 123]","[444, 92, 568, 116, 457, 120, 436, 16]"
282,282,Duncan,Blair,Duncan.Blair@pmail.com,63,M,'Austria',"[511, 475]",[]
283,283,Coupar,Mccarthy,Coupar.Mccarthy@pmail.com,59,M,'Canada',"[462, 454, 275, 259, 523, 415, 225, 290, 475, 28, 297, 169, 426, 223, 523, 227, 173, 359, 497, 54, 146, 314]","[184, 438, 216, 140, 25, 404, 565, 273]"
284,284,Caiden-Paul,Chase,Caiden-Paul.Chase@pmail.com,53,M,'Italy',"[205, 378]","[524, 551, 482, 500, 24, 59]"
285,285,Alieu,West,Alieu.West@pmail.com,26,M,'Switzerland',"[228, 502, 136, 3, 421, 200, 286, 536, 252, 146, 465, 55, 538, 104, 336, 75, 450, 456, 155, 443]","[477, 181]"
286,286,Daniela,Rodriquez,Daniela.Rodriquez@pmail.com,24,F,'Finland',"[212, 417, 531, 97, 286, 529, 488, 373, 525, 45, 540, 494, 187, 289, 240, 353, 416, 251, 494, 555, 76, 531, 527, 490]","[560, 137]"
287,287,Nyasia,Blackwell,Nyasia.Blackwell@pmail.com,38,F,'USA',"[370, 123, 200, 165, 433, 171, 411, 566, 441, 362, 290, 471, 39, 225, 340, 246, 425, 209, 476, 460, 163, 521, 429]","[102, 385, 331, 357]"
288,288,Cormak,Powers,Cormak.Powers@pmail.com,19,M,'USA',"[437, 554, 241, 460, 511, 237, 383, 264, 556, 37, 425, 82]","[348, 382, 484, 139]"
289,289,Derren,Kelley,Derren.Kelley@pmail.com,42,M,'USA',"[232, 24, 331, 217, 137, 409, 377, 214, 128, 168, 144, 278, 180, 75, 477, 445, 101]","[512, 31, 211, 106, 518]"
290,290,Colum,Ware,Colum.Ware@pmail.com,51,M,'Belgium',"[466, 525, 6, 290, 63, 313, 38]","[144, 70, 123]"
291,291,Iliana,Holt,Iliana.Holt@pmail.com,26,F,'USA',"[131, 393, 330, 119, 520, 499, 390, 12, 110, 96, 118, 344, 404, 259, 536, 493, 498, 562, 203]","[70, 562, 520, 18, 52, 225]"
292,292,Amin,Romero,Amin.Romero@pmail.com,56,M,'Denmark',[],"[153, 455, 79, 254, 507, 128, 219, 400, 546]"
293,293,Gillian,Fisher,Gillian.Fisher@pmail.com,37,F,'Austria',"[130, 66, 89, 339, 227, 502, 196, 282, 223, 474, 274, 260, 277, 354, 187, 200, 58, 137, 301, 27, 377, 237]","[563, 477, 119]"
294,294,Kira,Marquez,Kira.Marquez@pmail.com,19,F,'Austria',"[248, 369, 117, 161, 342, 476, 321, 292, 319, 135, 212, 204, 204, 119, 393]","[249, 186, 10, 200, 467, 13, 135]"
295,295,Kalyn,Webb,Kalyn.Webb@pmail.com,32,F,'Spain',"[416, 282, 471, 294, 80, 183, 254, 180, 143]","[492, 347, 97, 220, 568, 337]"
296,296,Bailey,Ryan,Bailey.Ryan@pmail.com,52,M,'Netherlands',"[109, 68, 269]","[108, 313, 554, 160, 46, 306, 273, 564, 246]"
297,297,Cai,Morales,Cai.Morales@pmail.com,52,M,'Israel',"[457, 132, 417, 234, 535, 392, 118, 124, 98, 37, 440, 372, 251, 265, 184, 529, 282, 340, 433]",[]
298,298,Robyn,Noble,Robyn.Noble@pmail.com,63,F,'Netherlands',"[443, 430, 550, 373, 289, 319, 28, 110, 570, 487]","[161, 199, 567, 262]"
299,299,Emil,Garrett,Emil.Garrett@pmail.com,63,M,'USA',"[556, 505, 224, 394, 524, 136, 50, 376, 218, 472, 428]","[395, 37, 180, 486]"
